{
    "train": {
        "mse": 2128230867.4150765,
        "rmse": 46132.7526537825,
        "mae": 36748.256332068704,
        "r2": 0.8954422619530019
    },
    "test": {
        "mse": 2553939156.908018,
        "rmse": 50536.513105951606,
        "mae": 40978.99508804937,
        "r2": 0.8796193624119438
    }
}